{"cameraMode":{"drawMode":0,"name":"Shaded","section":"Shading Mode"},"sceneLighting":false,"audioPlay":false,"sceneViewState":{"showFog":true,"showMaterialUpdate":false,"showSkybox":false,"showFlares":true,"showImageEffects":true,"showParticleSystems":true},"in2DMode":false,"pivot":{"x":15.612831115722657,"y":1.1115531921386719,"z":27.481393814086915},"rotation":{"x":0.3138745129108429,"y":0.6430603265762329,"z":-0.32700011134147646,"w":0.6173406839370728},"size":2.30010986328125,"orthographic":false}