{"cameraMode":{"drawMode":0,"name":"Shaded","section":"Shading Mode"},"sceneLighting":false,"audioPlay":false,"sceneViewState":{"showFog":true,"showMaterialUpdate":false,"showSkybox":false,"showFlares":true,"showImageEffects":true,"showParticleSystems":true},"in2DMode":false,"pivot":{"x":-3.5068283081054689,"y":1.6406868696212769,"z":-7.0273261070251469},"rotation":{"x":0.18723055720329286,"y":0.7349292039871216,"z":-0.22492775321006776,"w":0.6117613315582275},"size":5.672805309295654,"orthographic":false}