{"cameraMode":{"drawMode":0,"name":"Shaded","section":"Shading Mode"},"sceneLighting":true,"audioPlay":false,"sceneViewState":{"showFog":true,"showMaterialUpdate":false,"showSkybox":false,"showFlares":true,"showImageEffects":true,"showParticleSystems":true},"in2DMode":false,"pivot":{"x":28.309127807617189,"y":-3.862741470336914,"z":0.048110008239746097},"rotation":{"x":0.2397773116827011,"y":0.6576485633850098,"z":-0.2336691915988922,"w":0.6748366951942444},"size":20.241477966308595,"orthographic":false}