{"cameraMode":{"drawMode":0,"name":"Shaded","section":"Shading Mode"},"sceneLighting":true,"audioPlay":false,"sceneViewState":{"showFog":true,"showMaterialUpdate":false,"showSkybox":true,"showFlares":true,"showImageEffects":true,"showParticleSystems":true},"in2DMode":false,"pivot":{"x":1260.6533203125,"y":605.4337158203125,"z":-908.609130859375},"rotation":{"x":-0.01121407188475132,"y":0.9886137843132019,"z":-0.11500538885593414,"w":-0.09639573842287064},"size":1414.213623046875,"orthographic":false}